name,time/op (ns/op),±
Gol/512x512x500x4x1-16,6.68854E+09,14%
Gol/512x512x500x4x2-16,6.22605E+09,1%
Gol/512x512x500x4x3-16,5.66950E+09,10%
Gol/512x512x500x4x4-16,5.24894E+09,7%
Gol/512x512x500x4x5-16,5.75475E+09,2%
Gol/512x512x500x4x6-16,5.65420E+09,3%
